{"explanation":"[TCP] 16/10/2008 14:44:1","timezone":"0","node_num":3,"name":"[TCP] 16/10/2008 14:44:1","data":[{"bytes":"322368","req_pdr":"0","time":1224168241,"nemo_stat":null,"bandwidth":"2578944.0","jitter":"0","nodes":[{"node_id":"MR1","speed":"8.40808","lat":"48.83655542135239","name":"MR1","lng":"2.09953336417675"},{"node_id":"MR2","speed":"6.6672","lat":"48.83649438619614","name":"MR2","lng":"2.100131466984749"},{"node_id":"MR3","speed":"4.20404","lat":"48.83663046360016","name":"MR3","lng":"2.10058256983757"}],"rtt":"0","links":[{"res_pdr":null,"distance":"36.361950348810325","dest":"MR3","req_pdr":null,"src":"MR2","name":"MR2_MR3"},{"res_pdr":null,"distance":"44.35141056270317","dest":"MR2","req_pdr":null,"src":"MR1","name":"MR1_MR2"}]},{"bytes":"330560","req_pdr":"0","time":1224168243,"nemo_stat":null,"bandwidth":"2644480.0","jitter":"0","nodes":[{"node_id":"MR1","speed":"8.77848","lat":"48.83651429414749","name":"MR1","lng":"2.0995481312274933"},{"node_id":"MR2","speed":"6.1116","lat":"48.83650404214859","name":"MR2","lng":"2.100177578628063"},{"node_id":"MR3","speed":"3.1854400000000003","lat":"48.83664786815643","name":"MR3","lng":"2.100576415657997"}],"rtt":"0","links":[{"res_pdr":null,"distance":"33.32476524651856","dest":"MR3","req_pdr":null,"src":"MR2","name":"MR2_MR3"},{"res_pdr":null,"distance":"46.138838767017376","dest":"MR2","req_pdr":null,"src":"MR1","name":"MR1_MR2"}]}],"exp_type":"TCP","exp_id":"1224168241"}