{"explanation":"[UDP] 3/2/2011 18:52:18","timezone":"1","node_num":3,"name":"[UDP] 3/2/2011 18:52:18","data":[{"bytes":"0","req_pdr":"0.0","time":1296759138,"nemo_stat":"0","bandwidth":"0.0","jitter":"11.746","nodes":[{"node_id":"RSU2","speed":"0.0","lat":"48.83815002441406","name":"RSU2","lng":"2.0986740216612816"},{"node_id":"RSU1","speed":"0.0","lat":"48.83770191669464","name":"RSU1","lng":"2.101257346570492"},{"node_id":"MR3","speed":"18.55704","lat":"48.837234795093536","name":"MR3","lng":"2.0998793989419937"}],"rtt":"0","links":[{"res_pdr":null,"distance":"113.57672053101231","dest":"RSU1","req_pdr":"0","src":"MR3","name":"MR3_RSU1"},{"res_pdr":null,"distance":null,"dest":"RSU2","req_pdr":"1.0","src":"MR3","name":"MR3_RSU2"},{"res_pdr":null,"distance":"195.7590989206364","dest":"RSU2","req_pdr":null,"src":"RSU1","name":"RSU1_RSU2"}]},{"bytes":"0","req_pdr":"0.0","time":1296759141,"nemo_stat":"2","bandwidth":"0.0","jitter":"11.746","nodes":[{"node_id":"RSU2","speed":"0.0","lat":"48.83815002441406","name":"RSU2","lng":"2.0986740216612816"},{"node_id":"RSU1","speed":"0.0","lat":"48.83770191669464","name":"RSU1","lng":"2.101257346570492"},{"node_id":"MR3","speed":"21.98324","lat":"48.837195456027985","name":"MR3","lng":"2.09965630620718"}],"rtt":"0","links":[{"res_pdr":null,"distance":"130.16480498214298","dest":"RSU1","req_pdr":"0","src":"MR3","name":"MR3_RSU1"},{"res_pdr":null,"distance":null,"dest":"RSU2","req_pdr":"0.99","src":"MR3","name":"MR3_RSU2"},{"res_pdr":null,"distance":"195.7590989206364","dest":"RSU2","req_pdr":null,"src":"RSU1","name":"RSU1_RSU2"}]}],"exp_type":"UDP","exp_id":"1296759138"}