{"explanation":"[ICMP] 27/4/2011 5:59:12","timezone":"9","node_num":2,"name":"[ICMP] 27/4/2011 5:59:12","data":[{"bytes":"64","req_pdr":"0.0","time":1303883952,"nemo_stat":"0","bandwidth":"0","jitter":"0","nodes":[{"node_id":"MR1","speed":"1.433448","lat":"34.73193383216858","name":"MR1","lng":"135.73369348049164"},{"node_id":"MR2","speed":"0.40373600000000004","lat":"34.731985330581665","name":"MR2","lng":"135.73398900032043"}],"rtt":"3.78","links":[{"res_pdr":"1.0","distance":"27.639465545848388","dest":"MR2","req_pdr":"1.0","src":"MR1","name":"MR1_MR2"}]},{"bytes":"64","req_pdr":"0.0","time":1303883957,"nemo_stat":"0","bandwidth":"0","jitter":"0","nodes":[{"node_id":"MR1","speed":"0.6204200000000001","lat":"34.7319301366806","name":"MR1","lng":"135.7337183356285"},{"node_id":"MR2","speed":"0.505596","lat":"34.73199051618576","name":"MR2","lng":"135.73398131132126"}],"rtt":"4.15","links":[{"res_pdr":"1.0","distance":"24.98207191908182","dest":"MR2","req_pdr":"1.0","src":"MR1","name":"MR1_MR2"}]}],"exp_type":"ICMP","exp_id":"1303883952"}